EN_YEAR,EN_MONTH,EN_COUNTRY_OF_CITIZENSHIP,TOTAL
2023,1,India,11719
2023,1,China,2932
2023,1,Philippines,2530
2023,1,Nigeria,2030
2023,1,Afghanistan,1326
2023,1,Pakistan,1015
2023,1,France,1009
2023,1,Iran,1088
2023,1,United States of America,690
2023,1,Cameroon,834
2023,1,Morocco,783
2023,1,Brazil,757
2023,1,Haiti,508
2023,1,Algeria,560
2023,2,India,9338
2023,2,China,2863
2023,2,Philippines,2920
2023,2,Nigeria,2051
2023,2,Afghanistan,1840
2023,2,Pakistan,1193
2023,2,France,1165
2023,2,Iran,1018
2023,2,United States of America,727
2023,2,Cameroon,766
2023,2,Morocco,654
2023,2,Brazil,740
2023,2,Haiti,481
2023,2,Algeria,508
2023,3,India,11724
2023,3,China,3185
2023,3,Philippines,2735
2023,3,Nigeria,1946
2023,3,Afghanistan,1663
2023,3,Pakistan,1134
2023,3,France,1313
2023,3,Iran,1165
2023,3,United States of America,662
2023,3,Cameroon,648
2023,3,Morocco,853
2023,3,Brazil,721
2023,3,Haiti,537
2023,3,Algeria,592
2023,4,India,9272
2023,4,China,2688
2023,4,Philippines,2968
2023,4,Nigeria,2136
2023,4,Afghanistan,1587
2023,4,Pakistan,1007
2023,4,France,1007
2023,4,Iran,1285
2023,4,United States of America,870
2023,4,Cameroon,742
2023,4,Morocco,870
2023,4,Brazil,651
2023,4,Haiti,631
2023,4,Algeria,594
2023,5,India,12386
2023,5,China,2339
2023,5,Philippines,3054
2023,5,Nigeria,2126
2023,5,Afghanistan,1446
2023,5,Pakistan,1380
2023,5,France,1148
2023,5,Iran,1106
2023,5,United States of America,868
2023,5,Cameroon,762
2023,5,Morocco,918
2023,5,Brazil,857
2023,5,Haiti,529
2023,5,Algeria,650
2023,6,India,10863
2023,6,China,2583
2023,6,Philippines,2937
2023,6,Nigeria,2043
2023,6,Afghanistan,1372
2023,6,Pakistan,1018
2023,6,France,1046
2023,6,Iran,1046
2023,6,United States of America,656
2023,6,Cameroon,738
2023,6,Morocco,718
2023,6,Brazil,790
2023,6,Haiti,547
2023,6,Algeria,627
2023,7,India,9731
2023,7,China,2501
2023,7,Philippines,3081
2023,7,Nigeria,2290
2023,7,Afghanistan,1660
2023,7,Pakistan,999
2023,7,France,1364
2023,7,Iran,1290
2023,7,United States of America,897
2023,7,Cameroon,918
2023,7,Morocco,883
2023,7,Brazil,675
2023,7,Haiti,662
2023,7,Algeria,532
2023,8,India,11331
2023,8,China,3052
2023,8,Philippines,2986
2023,8,Nigeria,2073
2023,8,Afghanistan,1554
2023,8,Pakistan,1202
2023,8,France,1072
2023,8,Iran,1133
2023,8,United States of America,766
2023,8,Cameroon,817
2023,8,Morocco,886
2023,8,Brazil,665
2023,8,Haiti,588
2023,8,Algeria,538
2023,9,India,12184
2023,9,China,2601
2023,9,Philippines,3172
2023,9,Nigeria,1828
2023,9,Afghanistan,1280
2023,9,Pakistan,1285
2023,9,France,1268
2023,9,Iran,1267
2023,9,United States of America,768
2023,9,Cameroon,826
2023,9,Morocco,740
2023,9,Brazil,657
2023,9,Haiti,592
2023,9,Algeria,525
2023,10,India,10263
2023,10,China,2446
2023,10,Philippines,2502
2023,10,Nigeria,2180
2023,10,Afghanistan,1468
2023,10,Pakistan,1202
2023,10,France,1197
2023,10,Iran,1163
2023,10,United States of America,736
2023,10,Cameroon,831
2023,10,Morocco,653
2023,10,Brazil,667
2023,10,Haiti,644
2023,10,Algeria,576
2023,11,India,9105
2023,11,China,3081
2023,11,Philippines,2672
2023,11,Nigeria,1599
2023,11,Afghanistan,1817
2023,11,Pakistan,1044
2023,11,France,1249
2023,11,Iran,1014
2023,11,United States of America,822
2023,11,Cameroon,684
2023,11,Morocco,901
2023,11,Brazil,716
2023,11,Haiti,617
2023,11,Algeria,532
2023,12,India,10044
2023,12,China,3126
2023,12,Philippines,2401
2023,12,Nigeria,1877
2023,12,Afghanistan,1450
2023,12,Pakistan,1254
2023,12,France,1058
2023,12,Iran,1235
2023,12,United States of America,837
2023,12,Cameroon,639
2023,12,Morocco,773
2023,12,Brazil,676
2023,12,Haiti,527
2023,12,Algeria,622
2024,1,India,8892
2024,1,China,2997
2024,1,Philippines,3119
2024,1,Nigeria,2351
2024,1,Afghanistan,1555
2024,1,Pakistan,1041
2024,1,France,1014
2024,1,Iran,1149
2024,1,United States of America,866
2024,1,Cameroon,685
2024,1,Morocco,746
2024,1,Brazil,909
2024,1,Haiti,521
2024,1,Algeria,659
2024,2,India,11784
2024,2,China,2430
2024,2,Philippines,3296
2024,2,Nigeria,1742
2024,2,Afghanistan,1617
2024,2,Pakistan,987
2024,2,France,1264
2024,2,Iran,1174
2024,2,United States of America,864
2024,2,Cameroon,836
2024,2,Morocco,699
2024,2,Brazil,774
2024,2,Haiti,640
2024,2,Algeria,677
2024,3,India,9193
2024,3,China,2397
2024,3,Philippines,3054
2024,3,Nigeria,2064
2024,3,Afghanistan,1533
2024,3,Pakistan,1400
2024,3,France,1119
2024,3,Iran,1044
2024,3,United States of America,735
2024,3,Cameroon,680
2024,3,Morocco,815
2024,3,Brazil,828
2024,3,Haiti,623
2024,3,Algeria,660
2024,4,India,11540
2024,4,China,3150
2024,4,Philippines,2959
2024,4,Nigeria,1857
2024,4,Afghanistan,1610
2024,4,Pakistan,1204
2024,4,France,1307
2024,4,Iran,1111
2024,4,United States of America,671
2024,4,Cameroon,914
2024,4,Morocco,930
2024,4,Brazil,798
2024,4,Haiti,516
2024,4,Algeria,599
2024,5,India,11165
2024,5,China,2828
2024,5,Philippines,3281
2024,5,Nigeria,2350
2024,5,Afghanistan,1849
2024,5,Pakistan,1041
2024,5,France,1355
2024,5,Iran,1229
2024,5,United States of America,761
2024,5,Cameroon,852
2024,5,Morocco,875
2024,5,Brazil,930
2024,5,Haiti,658
2024,5,Algeria,495
2024,6,India,9118
2024,6,China,2560
2024,6,Philippines,2336
2024,6,Nigeria,1683
2024,6,Afghanistan,1766
2024,6,Pakistan,1202
2024,6,France,1255
2024,6,Iran,1200
2024,6,United States of America,775
2024,6,Cameroon,858
2024,6,Morocco,679
2024,6,Brazil,810
2024,6,Haiti,625
2024,6,Algeria,551
2024,7,India,10060
2024,7,China,2811
2024,7,Philippines,2500
2024,7,Nigeria,2221
2024,7,Afghanistan,1620
2024,7,Pakistan,1152
2024,7,France,1258
2024,7,Iran,1344
2024,7,United States of America,852
2024,7,Cameroon,675
2024,7,Morocco,857
2024,7,Brazil,866
2024,7,Haiti,674
2024,7,Algeria,504
2024,8,India,9191
2024,8,China,2733
2024,8,Philippines,2752
2024,8,Nigeria,2078
2024,8,Afghanistan,1490
2024,8,Pakistan,1304
2024,8,France,1303
2024,8,Iran,1035
2024,8,United States of America,859
2024,8,Cameroon,858
2024,8,Morocco,703
2024,8,Brazil,930
2024,8,Haiti,604
2024,8,Algeria,661
2024,9,India,11658
2024,9,China,2464
2024,9,Philippines,2423
2024,9,Nigeria,2202
2024,9,Afghanistan,1466
2024,9,Pakistan,1366
2024,9,France,1317
2024,9,Iran,996
2024,9,United States of America,888
2024,9,Cameroon,734
2024,9,Morocco,674
2024,9,Brazil,861
2024,9,Haiti,616
2024,9,Algeria,508
2024,10,India,10625
2024,10,China,2659
2024,10,Philippines,2799
2024,10,Nigeria,2048
2024,10,Afghanistan,1523
2024,10,Pakistan,1094
2024,10,France,1028
2024,10,Iran,1231
2024,10,United States of America,864
2024,10,Cameroon,721
2024,10,Morocco,802
2024,10,Brazil,668
2024,10,Haiti,678
2024,10,Algeria,544
2024,11,India,10690
2024,11,China,2682
2024,11,Philippines,2447
2024,11,Nigeria,2310
2024,11,Afghanistan,1805
2024,11,Pakistan,1222
2024,11,France,1378
2024,11,Iran,1303
2024,11,United States of America,776
2024,11,Cameroon,748
2024,11,Morocco,775
2024,11,Brazil,863
2024,11,Haiti,550
2024,11,Algeria,508
2024,12,India,10305
2024,12,China,2802
2024,12,Philippines,3205
2024,12,Nigeria,1769
2024,12,Afghanistan,1775
2024,12,Pakistan,1407
2024,12,France,1396
2024,12,Iran,1013
2024,12,United States of America,789
2024,12,Cameroon,737
2024,12,Morocco,899
2024,12,Brazil,750
2024,12,Haiti,611
2024,12,Algeria,493
2025,1,India,7949
2025,1,China,2363
2025,1,Philippines,2146
2025,1,Nigeria,1722
2025,1,Afghanistan,1302
2025,1,Pakistan,1022
2025,1,France,987
2025,1,Iran,1087
2025,1,United States of America,587
2025,1,Cameroon,755
2025,1,Morocco,721
2025,1,Brazil,599
2025,1,Haiti,407
2025,1,Algeria,478
2025,2,India,8053
2025,2,China,2182
2025,2,Philippines,2592
2025,2,Nigeria,1874
2025,2,Afghanistan,1534
2025,2,Pakistan,812
2025,2,France,1046
2025,2,Iran,1114
2025,2,United States of America,713
2025,2,Cameroon,565
2025,2,Morocco,667
2025,2,Brazil,597
2025,2,Haiti,493
2025,2,Algeria,416
2025,3,India,10504
2025,3,China,2486
2025,3,Philippines,1971
2025,3,Nigeria,1900
2025,3,Afghanistan,1508
2025,3,Pakistan,997
2025,3,France,1061
2025,3,Iran,944
2025,3,United States of America,772
2025,3,Cameroon,561
2025,3,Morocco,563
2025,3,Brazil,572
2025,3,Haiti,552
2025,3,Algeria,419
2025,4,India,9127
2025,4,China,2255
2025,4,Philippines,2696
2025,4,Nigeria,1493
2025,4,Afghanistan,1206
2025,4,Pakistan,924
2025,4,France,1097
2025,4,Iran,1061
2025,4,United States of America,715
2025,4,Cameroon,616
2025,4,Morocco,605
2025,4,Brazil,558
2025,4,Haiti,442
2025,4,Algeria,544
2025,5,India,9181
2025,5,China,2023
2025,5,Philippines,2030
2025,5,Nigeria,1629
2025,5,Afghanistan,1275
2025,5,Pakistan,1002
2025,5,France,1155
2025,5,Iran,885
2025,5,United States of America,614
2025,5,Cameroon,604
2025,5,Morocco,569
2025,5,Brazil,578
2025,5,Haiti,528
2025,5,Algeria,553
2025,6,India,9541
2025,6,China,1927
2025,6,Philippines,2589
2025,6,Nigeria,1547
2025,6,Afghanistan,1125
2025,6,Pakistan,900
2025,6,France,938
2025,6,Iran,994
2025,6,United States of America,702
2025,6,Cameroon,603
2025,6,Morocco,776
2025,6,Brazil,548
2025,6,Haiti,477
2025,6,Algeria,486
2025,7,India,9705
2025,7,China,2101
2025,7,Philippines,2278
2025,7,Nigeria,1830
2025,7,Afghanistan,1148
2025,7,Pakistan,816
2025,7,France,1107
2025,7,Iran,1161
2025,7,United States of America,572
2025,7,Cameroon,736
2025,7,Morocco,629
2025,7,Brazil,690
2025,7,Haiti,520
2025,7,Algeria,509
2025,8,India,8136
2025,8,China,2570
2025,8,Philippines,1912
2025,8,Nigeria,1391
2025,8,Afghanistan,1511
2025,8,Pakistan,969
2025,8,France,857
2025,8,Iran,1134
2025,8,United States of America,738
2025,8,Cameroon,619
2025,8,Morocco,551
2025,8,Brazil,650
2025,8,Haiti,435
2025,8,Algeria,508
2025,9,India,9941
2025,9,China,2222
2025,9,Philippines,1918
2025,9,Nigeria,1758
2025,9,Afghanistan,1164
2025,9,Pakistan,888
2025,9,France,878
2025,9,Iran,911
2025,9,United States of America,751
2025,9,Cameroon,549
2025,9,Morocco,688
2025,9,Brazil,599
2025,9,Haiti,458
2025,9,Algeria,479
2025,10,India,9072
2025,10,China,1944
2025,10,Philippines,2126
2025,10,Nigeria,1434
2025,10,Afghanistan,1177
2025,10,Pakistan,1127
2025,10,France,999
2025,10,Iran,1036
2025,10,United States of America,731
2025,10,Cameroon,730
2025,10,Morocco,776
2025,10,Brazil,726
2025,10,Haiti,469
2025,10,Algeria,502
2025,11,India,8860
2025,11,China,2653
2025,11,Philippines,2311
2025,11,Nigeria,1583
2025,11,Afghanistan,1167
2025,11,Pakistan,925
2025,11,France,889
2025,11,Iran,1131
2025,11,United States of America,726
2025,11,Cameroon,555
2025,11,Morocco,776
2025,11,Brazil,666
2025,11,Haiti,542
2025,11,Algeria,584
2025,12,India,10430
2025,12,China,1977
2025,12,Philippines,2440
2025,12,Nigeria,1511
2025,12,Afghanistan,1470
2025,12,Pakistan,1138
2025,12,France,831
2025,12,Iran,1166
2025,12,United States of America,593
2025,12,Cameroon,742
2025,12,Morocco,730
2025,12,Brazil,625
2025,12,Haiti,555
2025,12,Algeria,556
2026,1,India,7513
2026,1,China,2278
2026,1,Philippines,2448
2026,1,Nigeria,1687
2026,1,Afghanistan,1447
2026,1,Pakistan,784
2026,1,France,1013
2026,1,Iran,1097
2026,1,United States of America,644
2026,1,Cameroon,644
2026,1,Morocco,559
2026,1,Brazil,740
2026,1,Haiti,537
2026,1,Algeria,471
2026,2,India,7920
2026,2,China,2197
2026,2,Philippines,1879
2026,2,Nigeria,1423
2026,2,Afghanistan,1132
2026,2,Pakistan,953
2026,2,France,775
2026,2,Iran,1087
2026,2,United States of America,562
2026,2,Cameroon,546
2026,2,Morocco,679
2026,2,Brazil,724
2026,2,Haiti,531
2026,2,Algeria,442
2026,3,India,7041
2026,3,China,2273
2026,3,Philippines,2536
2026,3,Nigeria,1730
2026,3,Afghanistan,1417
2026,3,Pakistan,1067
2026,3,France,1101
2026,3,Iran,901
2026,3,United States of America,730
2026,3,Cameroon,606
2026,3,Morocco,539
2026,3,Brazil,585
2026,3,Haiti,410
2026,3,Algeria,414
2026,4,India,9878
2026,4,China,2436
2026,4,Philippines,2570
2026,4,Nigeria,1659
2026,4,Afghanistan,1112
2026,4,Pakistan,1104
2026,4,France,1010
2026,4,Iran,1090
2026,4,United States of America,695
2026,4,Cameroon,567
2026,4,Morocco,650
2026,4,Brazil,556
2026,4,Haiti,439
2026,4,Algeria,504
